cluster,customer_id,age,gender,item_purchased,category,purchase_amount,location,size,color,season,review_rating,subscription_status,shipping_type,discount_applied,promo_code_used,previous_purchases,payment_method,frequency_of_purchases,PCA1,PCA2,PCA3
0,0.555014106181072,0.5002958579881658,1.0,0.6910856519367159,0.3312820512820513,0.49973076923076926,0.4805283605283605,0.3852991452991453,0.49269230769230765,0.49743589743589745,0.511425641025641,0.0,0.4992820512820513,0.0,0.0,0.5029618001046572,0.494974358974359,0.49709401709401707,-0.4785619968405999,0.09383290410509162,0.509233445203405
1,0.3499615285970761,0.5,1.0,0.7034915439170759,0.32532051282051283,0.4864983974358974,0.4758644133644134,0.38408119658119655,0.5048076923076923,0.5208333333333334,0.493974358974359,0.0,0.5086538461538462,1.0,1.0,0.4931972789115645,0.5028846153846154,0.5029380341880342,0.6702599066936029,0.07888324752992754,0.21289618609925784
2,0.13490638625288529,0.5044378698224853,1.0,0.6859226930148916,0.33934789490345046,0.4936490978157645,0.4834671501338168,0.3659385881608104,0.5151155428933206,0.49446027223805,0.49698005698005704,1.0,0.5124406457739791,1.0,1.0,0.5119289881194642,0.5111111111111112,0.49778410889521996,1.0915962034498847,-0.05681650356885382,-0.19512744005725982
3,0.8400872018466273,0.5001386834319528,0.0,0.7089470812875069,0.33573717948717946,0.503114983974359,0.47838966588966586,0.36485042735042733,0.5048076923076923,0.48878205128205127,0.49657051282051284,0.0,0.4947115384615384,0.0,0.0,0.4815541601255886,0.500801282051282,0.4895833333333333,-0.8822876899759233,-0.06480965521084663,-0.3396479445664762
